SLC7A14	6
SLC7A3	6
SLC7A4	3
SLC7A1	6
CDC6	10
DNM1L	47
FBP1	20
FBP2	10
KRBA2	3
GCK	28
HK2	8
HKDC1	6
IDH3A	5
RRAS2	15
RRAS	6
ZNF622	7
HDAC2	41
HDAC1	64
RPL10L	3
RPL6	12
RPS18	10
RPS6	19
MITF	21
TFEB	11
TAGLN2	16
TAGLN3	4
TAGLN	9
CNN1	6
CNN2	10
PRKAG3	9
MTOR	61
PRKACB	12
PRKACA	40
PRKACG	6
AGPAT5	6
ACO2	11
PIK3CA	28
PIK3CG	17
ATP5F1	6
ATP5L	8
ATP5O	7
MRPL47	6
DDX18	10
SCO1	10
UCHL5	15
SFT2D3	2
SLC25A3	9
TRIM67	3
TRIM9	7
POLR3C	10
AKAP1	12
HCCS	6
COX5B	8
COX5A	8
CCT4	13
CCT6A	10
CCT6B	5
CDC25B	17
POU2F3	4
POU3F1	3
IFT140	10
IFT57	8
IFT80	7
CHEK1	63
COQ7	11
PPP3R1	7
PPP3R2	4
SFTPD	9
EXOSC5	17
CYC1	9
CYP2C8	18
CYP2J2	6
CYP2B6	20
CYP2C19	17
CYP2C18	7
CYP2C9	23
CYP2E1	13
CYP2A13	9
CYP2A7	3
CYP2A6	23
CYP2F1	8
CYP2S1	4
CYP2R1	5
CYP2D6	17
CYP2U1	5
CYP2W1	8
PRPF38A	12
HSD17B14	4
NDUFB7	7
DCAF11	7
EIF2B5	23
ACVR1C	6
TGFBR1	44
ACVR1B	22
ACVR1	9
NR1H2	5
NR1H4	18
RARG	11
RARA	26
THRB	41
RARB	15
RPTOR	31
RFX1	12
RFX3	6
RFX2	5
IGF1R	54
INSR	118
INSRR	5
GDF11	2
MSTN	7
CCDC53	9
TTC19	6
PRKD3	11
PRKD2	28
CYCS	13
OPA1	36
ATP1A1	18
ATP1A2	15
ATP1A3	16
ATP1A4	6
RGS7	8
RGS6	6
PCSK2	8
PRKG1	27
EIF3A	18
EIF3B	31
EIF3F	20
GATA5	3
GATA6	12
GATA4	19
GATA1	15
EPC1	9
EPC2	5
MSN	18
RDX	8
EZR	22
ERO1LB	11
ERO1L	25
QARS	12
TKT	17
TKTL2	4
SNRPC	15
CDCP2	2
MRPS9	6
SLC25A44	5
POLR1B	6
MLL5	9
SETD5	10
UCKL1	10
RBBP5	19
IFT122	7
SYMPK	17
TMEM180	3
MRPL1	5
MTCH2	7
MTCH1	7
AOX1	17
MRPL24	5
IDH1	15
EXOSC3	21
NDUFB10	7
NDUFS2	12
NOTCH2	16
NOTCH3	31
NOTCH4	6
PIP4K2A	16
GNG12	11
GNG2	7
GNG4	2
GNG3	3
GNG8	2
GNG5	10
GNG11	3
GAPDH	40
GPI	28
ATP5A1	18
HNRNPA3	16
HNRNPA1	33
HNRNPA1L2	3
HUS1	20
HUS1B	4
EIF5A	26
EIF5A2	8
EIF4G3	20
EIF4G1	45
RABL5	4
UQCRFS1	7
MRPL10	6
SLC25A32	3
EIF2S2	13
TBCE	12
UGP2	11
VEPH1	7
PAPD4	7
ZCCHC6	14
ZCCHC11	9
MRPS27	9
FABP3	12
FABP4	8
FABP7	8
FABP9	1
FABP12	4
FABP5	14
DLD	18
NDUFS4	4
LARS2	6
PLEKHH2	3
PLEKHH1	3
MAP2K4	24
ABCC5	11
ABCC12	5
ABCC11	6
MARS	12
SLC13A5	5
SLC13A2	5
SLC13A3	6
SLC13A1	2
NARS	12
NRXN3	6
NRXN1	3
NRXN2	4
NDUFV1	11
NDUFS3	11
NDUFA10	6
NDUFS1	9
SLC15A1	5
SLC15A2	4
IFT172	6
KIF17	5
IFT88	4
IFT52	4
PABPC1	36
PABPC3	4
PABPC4	11
PABPC1L	1
ILK	21
PARVA	19
PARVB	17
PDPK1	39
CORO7	9
PEX5	15
CCDC22	8
PCK2	6
RALA	17
RALB	12
DHX37	3
SNAP25	8
SNAP23	16
RC3H1	5
RC3H2	9
RNF185	6
RNF5	14
RPL19	10
RPL4	13
RPL9	9
RPS10	9
RPS11	14
RPS15	10
RPS15A	6
RPS23	9
RPS26	10
RPS3	52
RPS5	12
RPS6KB1	33
RPS6KB2	12
MAT2A	9
MAT1A	10
ATP2A1	5
ATP2A3	12
GAK	12
GRB2	73
GRAP	5
SGK1	58
SGK3	32
SGK2	13
SUPT4H1	22
UQCRB	8
RRP8	11
NDUFS8	8
OGDH	11
OGDHL	5
RAB10	14
PIGB	3
COX6A1	6
COX6A2	3
LATS1	20
LATS2	16
TES	12
LMCD1	7
ATP6V1B2	9
ATP6V1B1	7
SLC9A3R1	43
SLC25A5	15
SLC25A6	11
SLC25A31	5
CNGA1	7
CNGA2	3
CNGA4	5
PPP3CA	17
PPP3CB	5
PPP3CC	4
PRKCD	36
PRKCQ	33
TARS	9
TARSL2	4
TUB	6
TULP3	6
TULP1	12
TUFM	10
RIMS1	9
RIMS2	8
UNC13A	3
UNC13B	8
UNC13C	5
SYNJ1	13
SYNJ2	9
ATP6V0A1	7
ATP6V0A4	8
HSPG2	23
MEIS1	6
MEIS2	10
MEIS3	4
NOP58	23
NOP2	21
COX4I1	9
COX4I2	4
MRPL12	4
MECR	9
MRPS10	5
VMO1	4
EIF2S3	5
SLC36A1	9
SLC36A2	5
SLC36A3	4
SLC36A4	4
PQLC2	5
AFG3L2	10
NOP14	13
NOB1	14
RANBP10	14
RANBP9	12
NDUFAB1	9
NACA	14
YARS2	9
RCL1	7
DDX51	13
BCHE	47
AP3S2	5
AP3S1	5
ARRB1	38
ARRB2	46
ARR3	7
SAG	8
ASH2L	19
CYP3A5	15
TBXAS1	17
CYP3A4	29
CYP3A7	7
CYP3A43	8
MAN1A1	5
GNAQ	16
GNA11	10
PLCB4	5
SPDEF	8
EIF2B4	14
SLC29A1	11
SLC29A2	12
SLC29A3	17
RBM15B	12
RBM15	22
UQCRQ	4
FAM116A	7
ACOX3	5
HCFC2	5
MPDZ	18
INADL	17
TRPV5	7
TRPV6	11
TCEB3B	3
TCEB3C	2
SETD1B	9
SUV420H2	5
SUV420H1	8
LRIG3	3
LRIG2	4
LRIG1	4
SMG1	28
ARIH2	9
UQCRH	8
UQCRC2	7
WDR5	27
WDR5B	2
CRTC1	19
CRTC2	22
CRTC3	20
ISCA1	6
COX6B1	11
COX6B2	4
ADCY5	6
CDKN1A	30
GH1	35
CSH2	11
CSHL1	4
GHR	27
GHRHR	7
IRS1	33
IRS2	15
PAPPA	13
POU1F1	15
PROP1	10
SURF1	13
TERF2	31
AGTR1	11
EEF1E1	7
HTT	29
KCNA3	6
TP53BP1	33
SLC25A30	3
SLC25A14	5
IRS4	15
PDE4D	35
PDE4B	15
PDE4A	17
PDE4C	6
ITGB1	49
ITGB2	25
ITGB3	62
ITGB7	11
DUSP8	3
DUSP16	9
ATP5E	7
YWHAE	25
MAN1A2	5
MAN1C1	4
C19orf43	3
EZH2	50
EZH1	9
EDEM2	7
EED	31
C2orf47	5
KEAP1	21
NDUFB5	6
LBR	20
TM7SF2	5
DHCR7	21
SH2B1	18
RGS12	9
SNX25	3
