ATG7	19
GABARAP	24
WDFY3	13
SLC25A30	3
SLC25A14	5
VPS33A	5
CAT	18
PCYT1A	18
PCYT1B	6
CDK5	47
COL4A3BP	17
FLNB	36
FLNC	30
IRS1	33
IRS2	15
IRS4	15
AP3M2	4
AP3M1	5
PDE4D	35
PDE4B	15
PDE4A	17
PDE4C	6
TRDMT1	8
VPS18	12
EEF1A1	18
EEF1A2	10
AP3D1	12
GCLC	11
GCLM	6
TSC2	46
HOOK3	13
HOOK1	13
HOOK2	11
SLC13A2	5
SLC13A5	5
SLC13A1	2
SLC13A3	6
IGF1R	54
INSR	118
INSRR	5
VPS41	4
MSRA	9
ITGB1	49
ITGB2	25
ITGB3	62
ITGB7	11
NF1	74
PCMT1	15
SH3RF1	13
DUSP8	3
DUSP16	9
AP3B1	13
AP3B2	6
PARL	4
HDAC2	41
HDAC1	64
ADCY1	4
XDH	11
RPS6KB1	33
RPS6KB2	12
SGCD	9
SGCZ	1
SGCG	7
SDHB	22
SDHC	9
SIRT1	89
SIRT2	51
SOD1	76
SOD2	28
ATP5E	7
SURF1	13
MTOR	61
TXN	27
TSC1	32
UCP2	7
ATP6V1H	9
YWHAE	25
AKT3	30
AKT1	79
AKT2	33
MAN1A2	5
MAN1A1	5
MAN1C1	4
ATG2A	8
ATG2B	6
ATG3	16
MAPK10	16
MAPK8	30
MAPK9	24
UQCRB	8
C19orf43	3
DMD	44
UTRN	19
EZH2	50
EZH1	9
EDEM2	7
EED	31
FXN	32
GADD45G	7
GADD45A	9
GADD45B	6
HPGDS	11
HSPA5	25
PRDX2	17
PRDX1	15
C2orf47	5
KEAP1	21
GIPC1	8
GIPC3	5
GIPC2	6
NDUFB5	6
LBR	20
TM7SF2	5
DHCR7	21
SH2B1	18
RGS12	9
SMOC1	9
DHX9	30
APOD	17
PEX16	10
PIK3CB	12
PIK3CD	11
PRDX5	16
PTEN	61
ELAVL2	8
ELAVL4	9
ELAVL3	4
ELAVL1	19
PRKAG2	19
PRKAG1	15
SNX25	3
EIF4EBP2	8
EIF4EBP1	26
SCYL1	13
G6PD	47
