GHR	27
GHRH	8
SHC1	52
POU1F1	15
PROP1	10
TP53	180
TERC	0
TERT	51
ATM	87
PLAU	29
ERCC2	32
ERCC8	14
WRN	34
LMNA	91
IGF1R	54
TXN	27
KL	11
E2F1	30
PTPN11	63
NFKB2	28
STAT5B	24
STAT3	45
STAT5A	15
NRG1	18
HDAC3	32
GH1	35
IL7R	9
IGF1	21
IGF2	32
INS	32
NGF	15
IRS1	33
PTPN1	25
IRS2	15
AKT1	79
PIK3CB	12
NGFR	14
HRAS	47
MYC	39
EGFR	90
ERBB2	41
INSR	118
NCOR1	31
NBN	40
JUND	7
IL2	19
PDGFB	23
EGF	15
IL2RG	26
FOS	17
PDGFRB	55
EPOR	26
SST	5
PRKCD	36
PPARA	24
RET	89
PLCG2	11
PEX5	15
TCF3	23
PARP1	41
BRCA1	87
PIN1	17
PTEN	61
CREBBP	54
HIF1A	54
UBB	18
RPA1	32
BLM	22
BCL2	31
S100B	11
VCP	54
POLG	34
IGFBP3	16
HSP90AA1	49
NR3C1	62
EGR1	6
VEGFA	31
ABL1	71
BRCA2	67
TOP2A	34
TOP2B	23
NFKB1	42
TOP1	36
RAD51	41
UBE2I	50
TNF	27
PDPK1	39
CEBPA	11
CEBPB	14
MXI1	7
TGFB1	25
ERCC6	26
STK11	55
EP300	90
APTX	22
PML	89
GSK3B	46
HTT	29
PRKCA	40
SSTR3	6
HELLS	12
APOC3	16
EEF2	20
ERCC3	20
TERF1	26
PRKDC	62
CAT	18
ERCC5	21
AR	194
GTF2H2	9
XRCC5	29
PCNA	49
FEN1	21
FAS	20
TERF2	31
XRCC6	35
POLD1	10
BAX	26
RB1	79
EMD	38
GRB2	73
FOXO3	20
FOXO1	25
HSF1	28
XPA	20
MSRA	9
RECQL4	10
SOD2	28
SOD1	76
FOXM1	9
COQ7	11
CACNA1A	32
LRP2	11
AIFM1	22
UCHL1	27
APP	142
APOE	39
A2M	25
SNCG	8
PRDX1	15
PON1	27
RELA	60
IL6	23
RGN	8
ATP5O	7
RAD52	12
TOP3B	4
ERCC1	13
SIRT1	89
HDAC1	64
HSPA9	18
GPX1	13
GSR	15
GSS	12
GSTA4	10
GSTP1	31
MT-CO1	17
HSPD1	32
HSPA1A	35
HSPA1B	35
PCMT1	15
MAPK8	30
YWHAZ	38
PTK2B	47
PTK2	68
IL7	8
MAPK14	69
FGFR1	76
SP1	47
FLT1	43
JUN	32
MED1	39
MAPK9	24
MAPK3	47
HMGB1	18
CCNA2	14
HMGB2	10
MAP3K5	49
TAF1	29
LMNB1	20
SDHC	9
FOXO4	20
HESX1	8
PIK3R1	60
BSCL2	12
AGPAT2	10
BMI1	15
EEF1A1	18
TFAP2A	18
BDNF	21
CREB1	30
ATF2	30
TBP	32
APEX1	51
HBP1	7
BUB1B	35
PTGS2	13
HSPA8	37
SIN3A	22
CDK1	45
TFDP1	15
DDIT3	19
POLA1	14
MAPT	78
CTGF	7
HDAC2	41
MAX	19
MXD1	5
MDM2	59
SUMO1	44
H2AFX	29
HOXB7	8
HOXC4	4
JAK2	29
ESR1	94
LEP	10
LEPR	6
NFKBIA	32
CLU	50
MTOR	61
GHRHR	7
CTNNB1	77
PSEN1	81
DLL3	5
CDKN2A	39
PPP1CA	31
DBN1	18
NOG	11
ELN	17
ATR	15
UCP3	9
ZMPSTE24	14
TP63	33
UCP2	7
POLB	18
GCLC	11
GCLM	6
SIRT6	14
BUB3	12
RAE1	8
PMCH	5
MLH1	98
CSNK1E	22
STUB1	40
PPM1D	6
CHEK2	57
PCK1	11
ARHGAP1	18
CDC42	32
ARNTL	21
CLOCK	22
HIC1	18
PAPPA	13
ADCY5	6
PPARGC1A	12
GPX4	9
UCP1	6
FGF23	21
EFEMP1	18
ERCC4	23
CETP	14
PPARG	48
AGTR1	11
CISD2	9
EEF1E1	7
EPS8	19
KCNA3	6
SIRT7	12
SLC13A1	2
SOCS2	8
TPP2	11
TP53BP1	33
SIRT3	18
NCOR2	32
SUN1	19
BAK1	13
IGFBP2	11
PYCR1	11
TP73	26
CNR1	10
NFE2L2	14
CDKN1A	30
PDGFRA	38
PIK3CA	28
C1QA	10
CDKN2B	8
EIF5A2	8
MIF	31
DGAT1	5
MT1E	5
FGF21	9
HTRA2	14
GSK3A	16
NUDT1	21
IKBKB	56
SQSTM1	66
CDK7	40
GRN	18
