ADCY5	6
ARHGAP1	18
ARNTL	21
ATM	87
ATR	15
BAX	26
BUB1B	35
BUB3	12
CASP2	13
CAT	18
CAV1	25
CDKN1A	30
CEBPB	14
CHEK2	57
COQ7	11
EFEMP1	18
ERCC2	32
ERCC4	23
FGF23	21
FOXM1	9
FXN	32
GH1	35
CSH2	11
CSHL1	4
GHR	27
GHRHR	7
HELLS	12
HTR1B	18
IGF1	21
IGF1R	54
INSR	118
IRS1	33
IRS2	15
KL	11
LMNA	91
MCM2	28
MGAT5	3
MSH2	104
MSRA	9
NEIL1	11
NOS3	25
PAPPA	13
PAWR	16
PCK1	11
POU1F1	15
PLAU	29
POLG	34
PPM1D	6
PRDX1	15
PROP1	10
RAE1	8
SIRT6	14
SLC25A4	17
STUB1	40
SURF1	13
TERF2	31
TERT	51
TOP3B	4
TP53	180
TP63	33
TXN	27
UCP2	7
XPA	20
XRCC6	35
ZMPSTE24	14
AGTR1	11
APOE	39
CISD2	9
CLOCK	22
DMD	44
EEF1E1	7
FN1	74
HNRNPD	30
HTT	29
JUND	7
KCNA3	6
PPARG	48
SIRT7	12
SLC13A1	2
SOCS2	8
SOD2	28
TOPORS	24
TPP2	11
TP53BP1	33
