ATG7	19
GABARAP	24
WDFY3	13
VPS33A	5
CAT	18
PCYT1A	18
PCYT1B	6
CDK5	47
COL4A3BP	17
FLNB	36
FLNC	30
AP3M2	4
AP3M1	5
TRDMT1	8
VPS18	12
EEF1A1	18
EEF1A2	10
AP3D1	12
GCLC	11
GCLM	6
TSC2	46
HOOK3	13
HOOK1	13
HOOK2	11
VPS41	4
MSRA	9
NF1	74
PCMT1	15
SH3RF1	13
AP3B1	13
AP3B2	6
PARL	4
ADCY1	4
XDH	11
SGCD	9
SGCZ	1
SGCG	7
SDHB	22
SDHC	9
SIRT1	89
SIRT2	51
SOD1	76
SOD2	28
TXN	27
TSC1	32
UCP2	7
ATP6V1H	9
AKT3	30
AKT1	79
AKT2	33
ATG2A	8
ATG2B	6
ATG3	16
MAPK10	16
MAPK8	30
MAPK9	24
DMD	44
UTRN	19
FXN	32
GADD45G	7
GADD45A	9
GADD45B	6
HPGDS	11
HSPA5	25
PRDX2	17
PRDX1	15
GIPC1	8
GIPC3	5
GIPC2	6
SMOC1	9
DHX9	30
APOD	17
PEX16	10
PIK3CB	12
PIK3CD	11
PRDX5	16
PTEN	61
ELAVL2	8
ELAVL4	9
ELAVL3	4
ELAVL1	19
PRKAG2	19
PRKAG1	15
EIF4EBP2	8
EIF4EBP1	26
SCYL1	13
G6PD	47
