ARHGAP1	18
ARNTL	21
ATM	87
ATR	15
BUB1B	35
BUB3	12
CASP2	13
CAT	18
CAV1	25
CHEK2	57
EFEMP1	18
ERCC2	32
ERCC4	23
FGF23	21
FOXM1	9
FXN	32
HELLS	12
HTR1B	18
IGF1	21
KL	11
LMNA	91
MCM2	28
MGAT5	3
MSH2	104
MSRA	9
NEIL1	11
NOS3	25
PAWR	16
PCK1	11
PLAU	29
POLG	34
PPM1D	6
PRDX1	15
RAE1	8
SIRT6	14
SLC25A4	17
STUB1	40
TERT	51
TOP3B	4
TP53	180
TP63	33
TXN	27
UCP2	7
XPA	20
XRCC6	35
ZMPSTE24	14
APOE	39
CISD2	9
CLOCK	22
DMD	44
FN1	74
HNRNPD	30
JUND	7
PPARG	48
SIRT7	12
SOCS2	8
SOD2	28
TOPORS	24
TPP2	11
