PRKAA2	30
PRKAA1	41
EIF2C2	42
EIF2C1	16
EIF2C3	10
EIF2C4	9
ARL8B	11
ARL8A	9
ARPC2	9
TXN	27
TXNDC8	3
SOAT1	9
SOAT2	7
BANF1	24
AGMO	5
BECN1	21
PRDM1	9
GTF2F1	26
BUD31	7
RNF157	4
MGRN1	10
SNF8	13
TBC1D24	12
CDS1	7
CRISP3	6
CRISP2	6
CRISP1	5
GLIPR1	5
CALU	16
RCN1	9
RCN3	5
CNOT6L	9
CNOT6	9
VPS37B	8
VPS37C	9
CDK7	40
RNGTT	10
CCNT1	21
CCNT2	12
STK4	36
ATP7A	31
ATP7B	63
CUL1	36
FAM126B	5
SPEN	17
MAP3K13	9
MAP3K12	9
EEF2	20
MTA1	30
MTA3	8
MTA2	20
SLC27A4	8
SLC27A1	5
USP48	13
SACM1L	9
FAM58A	5
TRNT1	14
PRKAB2	20
PRKAB1	18
SCD	11
SCD5	7
YWHAZ	38
YWHAB	23
GDI2	13
GDI1	15
H3F3A	44
H3F3B	44
HIPK3	8
HIPK1	13
HSF2	5
HSPA5	25
HSPA9	18
MAPK10	16
MAPK8	30
MAPK9	24
CGRRF1	4
KRIT1	18
LDB1	13
LDB2	5
LEMD2	12
LEMD3	15
BTRC	32
LMNB1	20
LMNA	91
LSM7	6
RABGGTA	7
MAGOHB	6
MAGOH	23
MDH2	11
SDHC	9
MKNK1	9
MKNK2	21
SLC6A4	18
MLX	7
NFIA	10
NFIX	10
NFIC	12
NFIB	10
NNT	9
NUP85	13
NUP205	14
CNOT3	15
PANK1	7
PANK2	14
PANK3	4
PRDX2	17
PRDX1	15
PRDX3	13
RAB7A	28
ARHGDIB	13
ARHGDIA	16
SCG5	7
ALK	30
LTK	14
SIRT1	89
NFE2L1	5
NFE2L3	3
NFE2L2	14
NFE2	8
SKP1	22
SMEK1	14
SMEK2	13
SMN2	48
SMN1	48
SGPL1	12
PPFIA1	14
PPFIA2	4
PPFIA3	9
BLM	22
PPFIBP1	14
PPFIBP2	8
VPS36	15
TOP1	36
TOP1MT	4
UBE2N	28
UBE2NL	2
UCHL1	27
UCHL3	17
UFD1L	13
CFL2	12
CFL1	26
DSTN	16
VPS16	9
VRK1	15
VRK2	17
SBDS	16
WIPF1	15
WIPF2	7
WIPF3	2
WWP2	17
WWP1	14
ITCH	32
MVK	12
RBM39	16
RBM23	9
CHMP6	11
MLLT10	14
MLLT6	6
ADARB2	7
ZFAND2B	5
CANT1	13
ATG3	16
ATG4A	11
ATG4B	24
ATG4D	6
ATG4C	6
ATG9A	18
LCTL	4
VSX2	5
VSX1	9
CLTC	20
DCXR	13
DIS3	15
APEX1	51
GNAO1	4
GNAL	5
CERS2	14
CERS3	3
CERS4	4
CERS5	3
CERS6	4
ERN2	4
ITPR1	18
ITPR2	7
ITPR3	11
ACAT1	16
ROCK1	33
ROCK2	24
GABARAP	24
GABARAPL1	18
MAPK1	66
MAPK3	47
MTMR3	13
MTMR4	6
NCBP2	21
PCMT1	15
PHB	10
PHB2	15
RAB5A	22
RAB5B	11
RAB5C	10
KDM5A	18
KDM5B	13
KDM5D	11
KDM5C	18
SHC3	5
SHC2	6
SHC4	4
ZNF202	6
ZNF263	4
MZF1	7
ZSCAN20	4
ZSCAN29	5
ZNF192	7
ZNF500	4
ZSCAN12	3
ZNF498	3
ZKSCAN3	9
ZKSCAN1	12
ZNF323	4
ZKSCAN4	5
ZKSCAN5	4
ZNF2	4
ZNF434	3
ZSCAN23	2
ZSCAN10	4
ZNF449	4
ZNF213	4
ZNF397	2
ZNF496	4
ZNF205	3
ZNF768	8
ZNF3	6
ZNF18	4
ZNF629	5
ZSCAN16	4
ZNF641	6
ZNF557	2
ZNF701	3
ZNF610	4
ZNF620	1
ZNF662	3
ZNF274	7
ZNF554	2
ZNF577	3
ZSCAN30	3
ZNF621	3
ZNF514	4
ZNF101	3
ZNF224	9
ZNF177	5
ZNF8	2
ZNF669	3
ZNF789	4
ZNF584	2
ZNF444	7
ZNF785	2
ZNF561	3
ZNF398	5
ZNF574	7
ZNF556	2
ZNF763	3
ZNF552	3
ZNF282	4
GZF1	6
ZSCAN1	3
ZNF215	3
ZNF446	4
ZNF75A	4
TBP	32
TBPL2	3
STXBP5	8
STXBP5L	4
LHX2	4
LHX9	4
EPHA7	9
EPHA5	8
EPHA4	12
EPHA3	14
EPHA6	4
EPHA8	10
EPHB2	17
EPHB1	15
EPHA10	4
EPHB3	7
EPHB4	16
EPHA1	15
EPHB6	13
POLA1	14
KIN	16
