PRKAA2	30
PRKAA1	41
AGPAT5	6
ACO2	11
PIK3CA	28
PIK3CB	12
PIK3CD	11
PIK3CG	17
AKT1	79
AKT2	33
AKT3	30
EIF2C2	42
EIF2C1	16
EIF2C3	10
EIF2C4	9
ARL8B	11
ARL8A	9
ARPC2	9
ATP5F1	6
ATP5L	8
ATG7	19
ATP5B	11
ATP5O	7
TXN	27
TXNDC8	3
MTOR	61
MRPL47	6
SOAT1	9
SOAT2	7
DDX18	10
BANF1	24
AGMO	5
BECN1	21
PRDM1	9
GTF2F1	26
SCO1	10
BUD31	7
UCHL5	15
RNF157	4
MGRN1	10
SFT2D3	2
SNF8	13
TBC1D24	12
SLC25A3	9
CDS1	7
CRISP3	6
CRISP2	6
CRISP1	5
GLIPR1	5
TRIM67	3
TRIM9	7
POLR3C	10
AKAP1	12
CALU	16
RCN1	9
RCN3	5
HCCS	6
COX5B	8
COX5A	8
CNOT6L	9
CNOT6	9
CCT4	13
CCT6A	10
CCT6B	5
VPS37B	8
VPS37C	9
CDC25B	17
CDK7	40
CASP2	13
POU2F3	4
POU3F1	3
RNGTT	10
IFT140	10
IFT57	8
IFT80	7
CHEK1	63
CCNT1	21
CCNT2	12
COQ7	11
TELO2	18
PPP3R1	7
PPP3R2	4
SFTPD	9
EXOSC5	17
STK4	36
ATP7A	31
ATP7B	63
CUL1	36
CYC1	9
CYP2C8	18
CYP2J2	6
CYP2B6	20
CYP2C19	17
CYP2C18	7
CYP2C9	23
CYP2E1	13
CYP2A13	9
CYP2A7	3
CYP2A6	23
CYP2F1	8
CYP2S1	4
CYP2R1	5
CYP2D6	17
CYP2U1	5
CYP2W1	8
PRPF38A	12
HSD17B14	4
FAM126B	5
NDUFB7	7
DCAF11	7
EIF2B5	23
ACVR1C	6
TGFBR1	44
ACVR1B	22
ACVR1	9
NR1H2	5
NR1H4	18
RARG	11
RARA	26
THRB	41
RARB	15
RPTOR	31
RFX1	12
RFX3	6
RFX2	5
IGF1R	54
INSR	118
INSRR	5
GDF11	2
MSTN	7
CCDC53	9
TTC19	6
SPEN	17
PRKD3	11
PRKD2	28
MAP3K13	9
MAP3K12	9
CYCS	13
OPA1	36
ATP1A1	18
ATP1A2	15
ATP1A3	16
ATP1A4	6
EEF2	20
RGS7	8
RGS6	6
PCSK2	8
PRKG1	27
EIF3A	18
MTA1	30
MTA3	8
MTA2	20
EIF3B	31
EIF3F	20
GATA5	3
GATA6	12
GATA4	19
GATA1	15
EPC1	9
EPC2	5
MSN	18
RDX	8
EZR	22
ERO1LB	11
ERO1L	25
QARS	12
TKT	17
TKTL2	4
SNRPC	15
CDCP2	2
MRPS9	6
SLC25A44	5
POLR1B	6
MLL5	9
SETD5	10
UCKL1	10
RBBP5	19
IFT122	7
SYMPK	17
TMEM180	3
SLC27A4	8
SLC27A1	5
USP48	13
SACM1L	9
MRPL1	5
FAM58A	5
MTCH2	7
MTCH1	7
IDH3A	5
XDH	11
AOX1	17
TRNT1	14
PRKAB2	20
PRKAB1	18
MRPL24	5
IDH1	15
EXOSC3	21
NDUFB10	7
SCD	11
SCD5	7
FBP1	20
FBP2	10
YWHAZ	38
YWHAB	23
NDUFS2	12
GDI2	13
GDI1	15
NOTCH2	16
NOTCH3	31
NOTCH4	6
PIP4K2A	16
GNG12	11
GNG2	7
GNG4	2
GNG3	3
GNG8	2
GNG5	10
GNG11	3
GAPDH	40
GPI	28
TRIT1	10
ATP5A1	18
H3F3A	44
H3F3B	44
HIPK3	8
HIPK1	13
HNRNPA3	16
HNRNPA1	33
HNRNPA1L2	3
HSF2	5
HSPA5	25
HSPA9	18
HUS1	20
HUS1B	4
EIF5A	26
EIF5A2	8
EIF4G3	20
EIF4G1	45
RABL5	4
EIF4A2	10
EIF4A1	19
UQCRFS1	7
MAPK10	16
MAPK8	30
MAPK9	24
MRPL10	6
SLC25A32	3
EIF2S2	13
TBCE	12
UGP2	11
VEPH1	7
PAPD4	7
ZCCHC6	14
ZCCHC11	9
MRPS27	9
CGRRF1	4
KRIT1	18
FABP3	12
FABP4	8
FABP7	8
FABP9	1
FABP12	4
FABP5	14
LDB1	13
LDB2	5
LEMD2	12
LEMD3	15
KRAS	35
NRAS	21
CASK	12
BTRC	32
DLD	18
LMNB1	20
LMNA	91
NDUFS4	4
LARS2	6
LSM7	6
RABGGTA	7
MAGOHB	6
MAGOH	23
PLEKHH2	3
PLEKHH1	3
MCM2	28
MDH2	11
RBPMS2	4
RBPMS	6
SDHC	9
MAP2K4	24
MKNK1	9
MKNK2	21
SLC6A4	18
ABCC5	11
ABCC12	5
ABCC11	6
MARS	12
MLX	7
SLC13A5	5
SLC13A2	5
SLC13A3	6
SLC13A1	2
NFIA	10
NFIX	10
NFIC	12
NFIB	10
NNT	9
NUP85	13
NUP205	14
NARS	12
NRXN3	6
NRXN1	3
NRXN2	4
CNOT3	15
NDUFV1	11
NDUFS3	11
NDUFA10	6
NDUFS1	9
SLC15A1	5
SLC15A2	4
IFT172	6
KIF17	5
IFT88	4
IFT52	4
PABPC1	36
PABPC3	4
PABPC4	11
PABPC1L	1
ILK	21
PARVA	19
PARVB	17
PDPK1	39
PANK1	7
PANK2	14
PANK3	4
CORO7	9
PRDX2	17
PRDX1	15
PRDX3	13
PEX5	15
CCDC22	8
PCK2	6
PCK1	11
RAB7A	28
RALA	17
RALB	12
DHX37	3
ARHGDIB	13
ARHGDIA	16
SNAP25	8
SNAP23	16
RC3H1	5
RC3H2	9
RNF185	6
RNF5	14
RPL19	10
RPL4	13
RPL9	9
RPS10	9
RPS11	14
RPS15	10
RPS15A	6
RPS23	9
RPS26	10
RPS3	52
RPS5	12
RPS6	19
RPS6KB1	33
RPS6KB2	12
MAT2A	9
MAT1A	10
SCG5	7
ATP2A1	5
ATP2A3	12
ALK	30
LTK	14
GAK	12
GRB2	73
GRAP	5
SGK1	58
SGK3	32
SGK2	13
SIRT1	89
NFE2L1	5
NFE2L3	3
NFE2L2	14
NFE2	8
SKP1	22
SMEK1	14
SMEK2	13
SMN2	48
SMN1	48
SGPL1	12
SUPT4H1	22
PPFIA1	14
PPFIA2	4
PPFIA3	9
UQCRB	8
BLM	22
RRP8	11
NDUFS8	8
PPFIBP1	14
PPFIBP2	8
OGDH	11
OGDHL	5
RAB10	14
PIGB	3
COX6A1	6
COX6A2	3
LATS1	20
LATS2	16
TES	12
LMCD1	7
ATP6V1B2	9
ATP6V1B1	7
VPS36	15
SLC9A3R1	43
SLC25A5	15
SLC25A4	17
SLC25A6	11
SLC25A31	5
CNGA1	7
CNGA2	3
CNGA4	5
PPP3CA	17
PPP3CB	5
PPP3CC	4
TOP1	36
TOP1MT	4
PRKCD	36
PRKCQ	33
TARS	9
TARSL2	4
TUB	6
TULP3	6
TULP1	12
TUFM	10
UBE2N	28
UBE2NL	2
UCHL1	27
UCHL3	17
UFD1L	13
RIMS1	9
RIMS2	8
UNC13A	3
UNC13B	8
UNC13C	5
SYNJ1	13
SYNJ2	9
ATP6V0A1	7
ATP6V0A4	8
DRGX	2
DMBX1	4
HSPG2	23
CFL2	12
CFL1	26
DSTN	16
MEIS1	6
MEIS2	10
MEIS3	4
STX1A	13
STX1B	5
FEZ2	8
VPS16	9
VRK1	15
VRK2	17
NOP58	23
SBDS	16
NOP2	21
COX4I1	9
COX4I2	4
MRPL12	4
MECR	9
WIPF1	15
WIPF2	7
WIPF3	2
WWP2	17
WWP1	14
ITCH	32
MRPS10	5
VMO1	4
EIF2S3	5
MVK	12
SLC36A1	9
SLC36A2	5
SLC36A3	4
SLC36A4	4
PQLC2	5
AFG3L2	10
NOP14	13
NOB1	14
RANBP10	14
RANBP9	12
RBM39	16
RBM23	9
NDUFAB1	9
CHMP6	11
NACA	14
YARS2	9
MLLT10	14
MLLT6	6
RCL1	7
DDX51	13
BCHE	47
ADARB2	7
ZFAND2B	5
AP3S2	5
AP3S1	5
CANT1	13
ARRB1	38
ARRB2	46
ARR3	7
SAG	8
ASH2L	19
WIPI2	14
WIPI1	17
ATG3	16
ATG4A	11
ATG4B	24
ATG4D	6
ATG4C	6
ATG9A	18
BUB3	12
LCTL	4
VSX2	5
VSX1	9
CLTC	20
CYP3A5	15
TBXAS1	17
CYP3A4	29
CYP3A7	7
CYP3A43	8
MAN1A1	5
DCXR	13
DIS3	15
GNAQ	16
GNA11	10
PLCB4	5
SPDEF	8
APEX1	51
EIF2B4	14
SLC29A1	11
SLC29A2	12
SLC29A3	17
RBM15B	12
RBM15	22
UQCRQ	4
FAM116A	7
ACOX3	5
GNAO1	4
GNAL	5
HCFC2	5
CERS2	14
CERS3	3
CERS4	4
CERS5	3
CERS6	4
ERN2	4
ITPR1	18
ITPR2	7
ITPR3	11
ACAT1	16
ROCK1	33
ROCK2	24
GABARAP	24
GABARAPL1	18
MAPK1	66
MAPK3	47
MPDZ	18
INADL	17
MTMR3	13
MTMR4	6
NCBP2	21
TRPV5	7
TRPV6	11
PCMT1	15
PHB	10
PHB2	15
TCEB3B	3
TCEB3C	2
RAB5A	22
RAB5B	11
RAB5C	10
KDM5A	18
KDM5B	13
KDM5D	11
KDM5C	18
SETD1B	9
SUV420H2	5
SUV420H1	8
SHC3	5
SHC2	6
SHC4	4
LRIG3	3
LRIG2	4
LRIG1	4
SMG1	28
SOD1	76
SOD2	28
ZNF202	6
ZNF263	4
MZF1	7
ZSCAN20	4
ZSCAN29	5
ZNF192	7
ZNF500	4
ZSCAN12	3
ZNF498	3
ZKSCAN3	9
ZKSCAN1	12
ZNF323	4
ZKSCAN4	5
ZKSCAN5	4
ZNF2	4
ZNF434	3
ZSCAN23	2
ZSCAN10	4
ZNF449	4
ZNF213	4
ZNF397	2
ZNF496	4
ZNF205	3
ZNF768	8
ZNF3	6
ZNF18	4
ZNF629	5
ZSCAN16	4
ZNF641	6
ZNF557	2
ZNF701	3
ZNF610	4
ZNF620	1
ZNF662	3
ZNF274	7
ZNF554	2
ZNF577	3
ZSCAN30	3
ZNF621	3
ZNF514	4
ZNF101	3
ZNF224	9
ZNF177	5
ZNF8	2
ZNF669	3
ZNF789	4
ZNF584	2
ZNF444	7
ZNF785	2
ZNF561	3
ZNF398	5
ZNF574	7
ZNF556	2
ZNF763	3
ZNF552	3
ZNF282	4
GZF1	6
ZSCAN1	3
ZNF215	3
ZNF446	4
ZNF75A	4
ARIH2	9
UQCRH	8
TBP	32
TBPL2	3
TMEM135	4
STXBP5	8
STXBP5L	4
LHX2	4
LHX9	4
UQCRC2	7
ULK2	10
ULK1	22
EPHA7	9
EPHA5	8
EPHA4	12
EPHA3	14
EPHA6	4
EPHA8	10
EPHB2	17
EPHB1	15
EPHA10	4
EPHB3	7
EPHB4	16
EPHA1	15
EPHB6	13
WDR5	27
WDR5B	2
CRTC1	19
CRTC2	22
CRTC3	20
ISCA1	6
POLA1	14
KIN	16
COX6B1	11
COX6B2	4
