SLC7A14	6
SLC7A3	6
SLC7A4	3
SLC7A1	6
ATP5B	11
CDC6	10
DNA2	14
DNM1L	47
FBP1	20
FBP2	10
FIS1	18
KRBA2	3
RBBP4	38
RBBP7	27
SIRT3	18
SIRT2	51
GCK	28
HK2	8
HKDC1	6
IDH3A	5
CERS4	4
CERS5	3
CERS6	4
CERS2	14
CERS3	3
DLAT	12
MSRA	9
PHB	10
PHB2	15
FEN1	21
RRAS2	15
RRAS	6
ZNF622	7
HDAC2	41
HDAC1	64
RPL10L	3
RPL31	16
RPL6	12
RPS18	10
RPS6	19
MITF	21
TFEB	11
TAGLN2	16
TAGLN3	4
TAGLN	9
CNN1	6
CNN2	10
BLM	22
PRKAB2	20
PRKAB1	18
PRKAA2	30
PRKAA1	41
PRKAG2	19
PRKAG1	15
PRKAG3	9
SOD1	76
SOD2	28
MTOR	61
PRKACB	12
PRKACA	40
PRKACG	6
POMP	14
